RPA In 5 Minutes | What Is RPA - Robotic Process Automation? | RPA Explained | Simplilearn
What is RPA (Robotic Process Automation)?
Robotic Process Automation (RPA) bots in action
Why RPA (Robotic Process Automation)?
Robotic Process Automation Full Course - 10 Hours | RPA Tutorial For Beginners | Edureka
What is RPA: Robotic Process Automation
AMAKURU YA RPA ADASANZWE TALIKI 21.07.2022
RPA Tutorial For Beginners | Robotic Process Automation Tutorial | RPA Training | Simplilearn
Robotic Process Automation Crash Course In 2 Hours | RPA Tutorial For Beginners | Simplilearn
UiPath Beginners Course [2021] - How to Learn RPA
What is Robotic Process Automation (RPA) | RPA Tutorial for Beginners | RPA Training | Edureka
RPA机器人—【UiBot】2分钟看懂RPA
RPA Lifecycle | Robotic Process Automation Tutorial | RPA Training | Edureka
RPA: Amakuru yo ku wa 17 Mukakaro 2022
What is UiPath Robotic Process Automation?
Robotic Process Automation Full Course 2022 | RPA Tutorial For Beginners | Learn RPA | Simplilearn
AMAKURU YA RPA YIHUTA KUBARUNDI BOSE 20.07.2022
AMAKURU YA RPA YIHUTA KUBARUNDI BOSE 20.07.2022
How does Robotic Process Automation (RPA) work?
